"q.mi","se.mi","statistic","conf.low","conf.high","p.value"
-9.58585169166473,35.673567853628,-0.26871020389652,-79.5476350157839,60.3759316324545,0.788180764044575
-2.11214999828148,35.4972333529376,-0.0595018202483853,-71.7281121199774,67.5038121234144,0.952558435494883
