"q.mi","se.mi","statistic","conf.low","conf.high","p.value"
0.0196493500989704,0.142242355923886,0.138139937090783,-0.259311501966379,0.29861020216432,0.890143905275758
0.0218101043969297,0.155764766910489,0.140019497537996,-0.283670438419459,0.327290647213318,0.888658862715437
